{
  "2023": {
    "company_description": {
      "net_profit": 3902400000,
      "diluted_eps": 6.58,
      "operating_eps": 8.803574468085106,
      "pe_ratio": 23.87322468224682,
      "price_low": 111.41000366210938,
      "price_high": 165.57000732421875,
      "dividends_paid": 277600000,
      "dividends_per_share": 0.4725106382978723,
      "avg_dividend_yield": 0.003411875366855955,
      "shares_outstanding": 587500000,
      "buyback": -55396002.197265625,
      "share_equity": 20277100000,
      "book_value_per_share": 34.514212765957446,
      "assets": 88690800000.0,
      "return_on_equity": 0.19245355598187117,
      "return_on_assets": 0.04400005412060778,
      "leverage_ratio": 4.373939074127957
    },
    "analysis": {
      "premium_earned": 58664400000.0,
      "benefit_claims": 45654600000.0,
      "gross_underwriting_profit": 13009800000.0,
      "underwriting_yield_on_asset": 0.14668714229660798,
      "investment_income": 1891800000.0,
      "investment_yield_on_asset": 0.021330284539095374,
      "non_claim_expenses": 10906600000.0,
      "expense_yield_on_asset": 0.12297329599011397,
      "tax_rate": 0.2041927524114444,
      "premium_equity_ratio": 2.8931356061764255
    },
    "balance_sheet": {
      "assets": {
        "assets": 88690800000.0,
        "cash": 99600000.0,
        "fixed_income": 60378200000.0,
        "preferred_stocks": 902100000.0,
        "common_equities": 2928400000.0,
        "short_term": 1789900000.0,
        "accrued_investment_income": 438000000.0,
        "premiums_receivable": 11958200000.0,
        "reinsurance_recoverables": 5093900000.0,
        "prepaid_reinsurance_premiums": 249800000.0,
        "deferred_acquisition_costs": 1687400000.0,
        "income_taxes": 975900000.0,
        "property_and_equipment": 880800000.0,
        "goodwill": 227900000.0,
        "other_assets": 88100000.0
      },
      "liabilities": {
        "liabilities": 68413700000.0,
        "unearned_premiums": 20133700000.0,
        "loss_reserves": 34389200000.0,
        "accounts_payable": 7002200000.0,
        "debt": 6888600000.0
      },
      "shareholders_equity": {
        "shareholders_equity": 20277100000.0
      }
    },
    "profit_description": {
      "gross_revenues": {
        "total": 58664400000.0,
        "breakdown": {
          "personal_lines_agency": 21198200000.0,
          "personal_lines_direct": 25015100000.0,
          "commercial_lines": 9898700000.0,
          "property_lines": 2551400000.0
        }
      },
      "investment_income": 1891800000.0,
      "internal_costs": {
        "total": 56910200000.0,
        "breakdown": {
          "losses_and_expenses": 45654600000.0,
          "acquisition_costs": 4665100000.0,
          "underwriting_expenses": 6241500000.0,
          "service_expenses": 349000000.0
        }
      },
      "operating_margin": {
        "total": 3646000000.0,
        "breakdown": {
          "underwriting": 2102200000.0,
          "pretax_combined_ratio": 0.9641650500993806,
          "pretax_insurance_yield_on_equity": 0.10367360224095161,
          "pretax_return_on_equity": 0.1798087497719102
        }
      },
      "external_costs": {
        "total": 268600000.0,
        "breakdown": {
          "taxes": 200000.0,
          "interest_expenses": 268400000.0
        }
      },
      "earnings": 3377400000.0,
      "equity_employed": 20277100000,
      "shares_repurchased": -55396002.197265625,
      "filing_url": "https://www.sec.gov/Archives/edgar/data/80661/000008066124000007/pgr-20231231.htm"
    },
    "segmentation": {
      "total": 58663400000.0,
      "breakdown": {
        "personal_lines_agency": 21198200000.0,
        "personal_lines_direct": 25015100000.0,
        "commercial_lines": 9898700000.0,
        "property_lines": 2551400000.0
      }
    }
  },
  "2022": {
    "company_description": {
      "net_profit": 721500000,
      "diluted_eps": 1.18,
      "operating_eps": 1.570601260432635,
      "pe_ratio": 105.06240332640333,
      "price_low": 100.80999755859375,
      "price_high": 134.5,
      "dividends_paid": 260800000,
      "dividends_per_share": 0.4442173394651678,
      "avg_dividend_yield": 0.003775592572130767,
      "shares_outstanding": 587100000,
      "buyback": 0.0,
      "share_equity": 15891000000,
      "book_value_per_share": 27.066939192641797,
      "assets": 75465000000.0,
      "return_on_equity": 0.04540305833490655,
      "return_on_assets": 0.009560723514211887,
      "leverage_ratio": 4.74891447989428
    },
    "analysis": {
      "premium_earned": 49241200000.0,
      "benefit_claims": 38122700000.0,
      "gross_underwriting_profit": 11118500000.0,
      "underwriting_yield_on_asset": 0.14733320082157292,
      "investment_income": 1260300000.0,
      "investment_yield_on_asset": 0.016700457165573446,
      "non_claim_expenses": 9776600000.0,
      "expense_yield_on_asset": 0.12955144769098256,
      "tax_rate": 0.21754690380652858,
      "premium_equity_ratio": 3.0986847901327796
    },
    "balance_sheet": {
      "assets": {
        "assets": 75465000000.0,
        "cash": 220900000.0,
        "fixed_income": 46651900000.0,
        "preferred_stocks": 1213200000.0,
        "common_equities": 2821500000.0,
        "short_term": 2861700000.0,
        "accrued_investment_income": 282500000.0,
        "premiums_receivable": 10416900000.0,
        "reinsurance_recoverables": 5832100000.0,
        "prepaid_reinsurance_premiums": 295500000.0,
        "deferred_acquisition_costs": 1544400000.0,
        "income_taxes": 1173700000.0,
        "property_and_equipment": 1034000000.0,
        "goodwill": 227900000.0,
        "other_assets": 63400000.0,
        "intangibles": 86300000.0
      },
      "liabilities": {
        "liabilities": 59574000000.0,
        "unearned_premiums": 17293600000.0,
        "loss_reserves": 30359300000.0,
        "accounts_payable": 5532800000.0,
        "debt": 6388300000.0
      },
      "shareholders_equity": {
        "shareholders_equity": 15891000000.0
      }
    },
    "profit_description": {
      "gross_revenues": {
        "total": 49241200000.0,
        "breakdown": {
          "personal_lines_agency": 17744700000.0,
          "personal_lines_direct": 20135500000.0,
          "commercial_lines": 9088300000.0,
          "property_lines": 2270000000.0
        }
      },
      "investment_income": 1260300000.0,
      "internal_costs": {
        "total": 48196000000.0,
        "breakdown": {
          "losses_and_expenses": 38122700000.0,
          "acquisition_costs": 3917000000.0,
          "underwriting_expenses": 5859600000.0,
          "service_expenses": 296700000.0
        }
      },
      "operating_margin": {
        "total": 2305500000.0,
        "breakdown": {
          "underwriting": 1339200000.0,
          "pretax_combined_ratio": 0.972801770971902,
          "pretax_insurance_yield_on_equity": 0.08427411742495752,
          "pretax_return_on_equity": 0.14508212195582404
        }
      },
      "external_costs": {
        "total": 243600000.0,
        "breakdown": {
          "taxes": 100000.0,
          "interest_expenses": 243500000.0
        }
      },
      "earnings": 2061900000.0,
      "equity_employed": 15891000000,
      "shares_repurchased": 0.0,
      "filing_url": "https://www.sec.gov/Archives/edgar/data/80661/000008066123000006/pgr-20221231.htm"
    },
    "segmentation": {
      "total": 49238500000.0,
      "breakdown": {
        "personal_lines_agency": 17744700000.0,
        "personal_lines_direct": 20135500000.0,
        "commercial_lines": 9088300000.0,
        "property_lines": 2270000000.0
      }
    }
  },
  "2021": {
    "company_description": {
      "net_profit": 3350900000,
      "diluted_eps": 5.66,
      "operating_eps": 7.170839720660876,
      "pe_ratio": 17.905316482139128,
      "price_low": 84.88999938964844,
      "price_high": 107.58999633789062,
      "dividends_paid": 3773300000,